[
  {
    "slug": "airpods-pro",
    "name": "AirPods Pro",
    "category": "true-wireless",
    "price_range": "premium",
    "badili_index": {"experience_match": 90, "value_for_money": 85, "savings_percentage": 40},
    "alternatives": {
      "premium":[{"name":"Sony WF-1000XM5","price":950,"score":88},{"name":"Bose QuietComfort Ultra","price":990,"score":87}],
      "mid":[{"name":"Samsung Galaxy Buds2 Pro","price":700,"score":82},{"name":"Anker Soundcore Liberty 4","price":650,"score":80}],
      "budget":[{"name":"Xiaomi Redmi Buds 4","price":220,"score":75},{"name":"QCY T13","price":180,"score":72}]
    }
  }
]